qid,docno,label,stance
103,7721,1,pro
103,7658,1,pro
103,7708,1,pro
103,7729,1,pro
103,7701,1,pro
103,7684,1,pro
103,7703,1,pro
103,7618,1,pro
103,7619,1,pro
103,7657,1,pro
103,7662,1,pro
103,7733,1,pro
103,7741,1,pro
103,7656,1,pro
103,7710,1,pro
103,7737,1,pro
103,7704,1,pro
103,7726,1,pro
103,7719,1,pro
103,7675,1,pro
103,7718,1,pro
103,7711,1,pro
103,7622,1,pro
103,7725,1,pro
103,7712,1,pro
103,7676,1,pro
103,7720,1,pro
103,7728,1,pro
103,7740,1,pro
103,7621,1,pro
103,7727,1,pro
103,7747,1,pro
103,7770,1,con
103,7732,1,con
103,7705,1,con
103,7763,1,con
103,7630,1,con
103,7634,1,con
103,7771,1,con
103,7736,1,con
103,7631,1,con
103,7706,1,con
103,7699,1,con
103,7724,1,con
103,7764,1,con
103,7772,1,con
103,7669,1,con
103,7762,1,con
103,7628,1,con
103,7742,1,con
103,7629,1,con
103,7773,1,con
103,7713,1,con
103,7664,1,con
103,7735,1,con
103,7734,1,con
103,7633,1,con
103,7760,1,con
103,6623,0,
103,1225,0,
103,11516,0,
103,11488,0,
103,11493,0,
103,11487,0,
103,11434,0,
103,11492,0,
103,1205,0,
103,11548,0,
103,1227,0,
103,1213,0,
103,6777,0,
103,11471,0,
103,6595,0,
103,11468,0,
103,11629,0,
103,11497,0,
103,6812,0,
103,6839,0,
103,6601,0,
103,11551,0,
103,11631,0,
103,1207,0,
103,11458,0,
103,11446,0,
103,11462,0,
103,6794,0,
103,1221,0,
103,11589,0,
103,11449,0,
103,11514,0,
103,6788,0,
103,6602,0,
103,6853,0,
103,6600,0,
103,11485,0,
103,11445,0,
103,11479,0,
103,11590,0,
103,11427,0,
103,6811,0,
103,6829,0,
103,6817,0,
103,1210,0,
103,1231,0,
103,11542,0,
103,6617,0,
103,6835,0,
103,6604,0,
103,11431,0,
103,6819,0,
103,11541,0,
103,1232,0,
103,11511,0,
103,6619,0,
103,6822,0,
103,6625,0,
96,1327,1,pro
96,1324,1,pro
96,1325,1,pro
96,1328,1,pro
96,1322,1,pro
96,1330,1,pro
96,1309,1,pro
96,1323,1,pro
96,1320,1,pro
96,1321,1,pro
96,1326,1,pro
96,1331,1,pro
96,1332,1,con
96,1334,1,con
96,1337,1,con
96,1343,1,con
96,1346,1,con
96,1348,1,con
96,1342,1,con
96,1338,1,con
96,1345,1,con
96,1336,1,con
96,1339,1,con
96,1340,1,con
96,1341,1,con
96,1347,1,con
96,1307,1,con
96,1335,1,con
96,1344,1,con
96,1333,1,con
96,7201,0,
96,6415,0,
96,7951,0,
96,8556,0,
96,7953,0,
96,7959,0,
96,8563,0,
96,7978,0,
96,6388,0,
96,6391,0,
96,7219,0,
96,7952,0,
96,7977,0,
96,6393,0,
96,7979,0,
96,7178,0,
96,7964,0,
96,7967,0,
96,7956,0,
96,7220,0,
96,7190,0,
96,7953,0,
96,8575,0,
96,6389,0,
96,6390,0,
96,8568,0,
96,7961,0,
96,8566,0,
96,7200,0,
96,7177,0,
65,7956,1,pro
65,7959,1,pro
65,7952,1,pro
65,7955,1,pro
65,7979,1,pro
65,7958,1,pro
65,7975,1,pro
65,7954,1,pro
65,7957,1,pro
65,7953,1,pro
65,7951,1,pro
65,7966,1,con
65,7963,1,con
65,7971,1,con
65,7964,1,con
65,7967,1,con
65,7953,1,con
65,7977,1,con
65,7968,1,con
65,7961,1,con
65,7950,1,con
65,7978,1,con
65,7974,1,con
65,7960,1,con
65,7965,1,con
65,7970,1,con
65,7972,1,con
65,4878,0,
65,11488,0,
65,1505,0,
65,6603,0,
65,8950,0,
65,4888,0,
65,11599,0,
65,11464,0,
65,11591,0,
65,6624,0,
65,8960,0,
65,1504,0,
65,11492,0,
65,11513,0,
65,11589,0,
65,8943,0,
65,11543,0,
65,11531,0,
65,6619,0,
65,11550,0,
65,1496,0,
65,11453,0,
65,11630,0,
65,11536,0,
65,1485,0,
65,4875,0,
65,1491,0,
83,1487,1,pro
83,1488,1,pro
83,1493,1,pro
83,1490,1,pro
83,1492,1,pro
83,1483,1,pro
83,1486,1,pro
83,1489,1,pro
83,1485,1,pro
83,1477,1,pro
83,1491,1,pro
83,1482,1,pro
83,1497,1,con
83,1502,1,con
83,1495,1,con
83,1504,1,con
83,1498,1,con
83,1499,1,con
83,1505,1,con
83,1506,1,con
83,1500,1,con
83,1477,1,con
83,1494,1,con
83,1496,1,con
83,1501,1,con
83,1503,1,con
83,907,0,
83,6671,0,
83,6825,0,
83,6714,0,
83,6662,0,
83,6656,0,
83,6846,0,
83,6836,0,
83,6851,0,
83,917,0,
83,6695,0,
83,6826,0,
83,6667,0,
83,953,0,
83,922,0,
83,6833,0,
83,6751,0,
83,6834,0,
83,6821,0,
83,6828,0,
83,920,0,
83,6677,0,
83,6681,0,
83,6748,0,
83,6839,0,
83,6743,0,
22,9633,1,pro
22,9538,1,pro
22,9542,1,pro
22,9556,1,pro
22,9547,1,pro
22,9546,1,pro
22,9549,1,pro
22,9543,1,pro
22,9653,1,pro
22,9649,1,pro
22,9535,1,pro
22,9539,1,pro
22,9631,1,pro
22,9548,1,pro
22,9628,1,pro
22,9558,1,pro
22,9555,1,pro
22,9655,1,pro
22,9540,1,pro
22,9557,1,pro
22,9560,1,pro
22,9534,1,pro
22,9552,1,pro
22,9554,1,pro
22,9632,1,pro
22,9559,1,pro
22,9550,1,pro
22,9647,1,pro
22,9545,1,pro
22,9582,1,con
22,9570,1,con
22,9644,1,con
22,9566,1,con
22,9650,1,con
22,9571,1,con
22,9596,1,con
22,9569,1,con
22,9565,1,con
22,9567,1,con
22,9563,1,con
22,9564,1,con
22,9648,1,con
22,9589,1,con
22,9584,1,con
22,9568,1,con
22,9656,1,con
22,9591,1,con
22,9535,1,con
22,9661,1,con
22,9638,1,con
22,9581,1,con
22,9660,1,con
22,9628,1,con
22,9587,1,con
22,9585,1,con
22,9579,1,con
22,9552,1,con
22,9634,1,con
22,9588,1,con
22,9640,1,con
22,9597,1,con
22,9578,1,con
22,9590,1,con
22,9580,1,con
22,9586,1,con
22,9533,1,con
22,9595,1,con
22,9639,1,con
22,9592,1,con
22,10051,0,
22,10164,0,
22,6533,0,
22,6522,0,
22,6570,0,
22,10096,0,
22,10048,0,
22,6558,0,
22,6523,0,
22,6506,0,
22,3334,0,
22,10161,0,
22,6516,0,
22,8555,0,
22,3333,0,
22,10053,0,
22,6571,0,
22,3305,0,
22,6553,0,
22,6503,0,
22,10082,0,
22,6519,0,
22,3320,0,
22,10147,0,
22,6567,0,
22,6552,0,
22,6551,0,
22,3306,0,
22,6565,0,
22,10172,0,
22,6521,0,
22,6505,0,
22,3317,0,
22,6534,0,
22,10159,0,
22,10064,0,
22,10088,0,
22,3326,0,
22,3332,0,
22,10079,0,
22,10077,0,
22,6528,0,
22,6493,0,
22,3304,0,
22,6560,0,
22,10169,0,
22,6514,0,
22,8562,0,
22,6556,0,
22,6559,0,
22,10158,0,
22,10061,0,
22,6576,0,
22,10171,0,
22,6519,0,
22,8558,0,
22,6530,0,
22,10089,0,
22,6499,0,
22,8570,0,
22,6535,0,
22,10050,0,
22,6496,0,
22,8576,0,
22,8564,0,
22,8560,0,
22,8566,0,
22,6497,0,
22,10106,0,
60,11122,1,pro
60,11119,1,pro
60,11116,1,pro
60,11126,1,pro
60,11118,1,pro
60,11123,1,pro
60,11124,1,pro
60,11125,1,pro
60,11127,1,pro
60,11114,1,pro
60,11120,1,pro
60,11115,1,pro
60,11121,1,pro
60,11117,1,pro
60,11140,1,con
60,11129,1,con
60,11133,1,con
60,11134,1,con
60,11139,1,con
60,11130,1,con
60,11128,1,con
60,11142,1,con
60,11132,1,con
60,11141,1,con
60,11136,1,con
60,11138,1,con
60,11143,1,con
60,11145,1,con
60,11135,1,con
60,11131,1,con
60,11137,1,con
60,11144,1,con
60,9883,0,
60,9230,0,
60,9881,0,
60,9522,0,
60,9523,0,
60,7258,0,
60,9265,0,
60,9494,0,
60,11742,0,
60,7252,0,
60,9525,0,
60,11728,0,
60,9493,0,
60,9228,0,
60,9527,0,
60,9283,0,
60,9226,0,
60,9889,0,
60,7252,0,
60,9905,0,
60,9215,0,
60,7268,0,
60,9278,0,
60,9199,0,
60,9516,0,
60,9894,0,
60,9899,0,
60,9261,0,
60,9503,0,
60,9211,0,
60,9884,0,
60,7255,0,
84,6661,1,pro
84,6660,1,pro
84,6652,1,pro
84,6665,1,pro
84,6670,1,pro
84,6669,1,pro
84,6672,1,pro
84,6666,1,pro
84,6674,1,pro
84,6714,1,pro
84,6667,1,pro
84,6659,1,pro
84,6662,1,pro
84,6658,1,pro
84,6671,1,pro
84,6676,1,pro
84,6657,1,pro
84,6663,1,pro
84,6664,1,pro
84,6675,1,pro
84,6673,1,pro
84,6656,1,pro
84,6668,1,pro
84,6693,1,con
84,6689,1,con
84,6694,1,con
84,6652,1,con
84,6654,1,con
84,6692,1,con
84,6688,1,con
84,6690,1,con
84,6687,1,con
84,6697,1,con
84,6674,1,con
84,6698,1,con
84,6691,1,con
84,6681,1,con
84,6678,1,con
84,6676,1,con
84,6680,1,con
84,6686,1,con
84,6677,1,con
84,6682,1,con
84,6695,1,con
84,6696,1,con
84,6685,1,con
84,6656,1,con
84,5132,0,
84,4088,0,
84,10172,0,
84,4079,0,
84,8775,0,
84,10802,0,
84,4091,0,
84,5126,0,
84,10789,0,
84,10103,0,
84,4105,0,
84,10090,0,
84,10801,0,
84,10048,0,
84,8747,0,
84,4103,0,
84,10106,0,
84,10158,0,
84,8760,0,
84,4098,0,
84,10104,0,
84,10166,0,
84,10159,0,
84,10793,0,
84,4092,0,
84,10101,0,
84,4090,0,
84,10064,0,
84,5135,0,
84,4086,0,
84,5143,0,
84,10799,0,
84,5134,0,
84,4093,0,
84,10805,0,
84,10085,0,
84,4087,0,
84,10824,0,
84,10828,0,
84,10105,0,
84,8751,0,
84,10156,0,
84,4104,0,
84,8770,0,
84,4102,0,
84,8767,0,
84,10088,0,
24,9472,1,pro
24,9476,1,pro
24,9477,1,pro
24,9473,1,pro
24,9471,1,pro
24,9433,1,pro
24,9475,1,pro
24,9436,1,pro
24,9435,1,pro
24,9470,1,pro
24,9479,1,pro
24,9439,1,pro
24,9434,1,pro
24,9478,1,pro
24,9474,1,pro
24,9480,1,pro
24,9451,1,con
24,9441,1,con
24,9444,1,con
24,9456,1,con
24,9484,1,con
24,9439,1,con
24,9431,1,con
24,9443,1,con
24,9448,1,con
24,9450,1,con
24,9453,1,con
24,9482,1,con
24,9452,1,con
24,9449,1,con
24,9483,1,con
24,9445,1,con
24,9481,1,con
24,9440,1,con
24,11513,0,
24,11550,0,
24,7966,0,
24,6556,0,
24,4683,0,
24,6507,0,
24,9558,0,
24,7958,0,
24,11471,0,
24,6566,0,
24,9660,0,
24,11434,0,
24,9584,0,
24,11442,0,
24,11472,0,
24,7959,0,
24,6563,0,
24,4689,0,
24,6570,0,
24,11462,0,
24,11492,0,
24,9582,0,
24,6519,0,
24,11480,0,
24,11532,0,
24,6506,0,
24,9639,0,
24,4688,0,
24,11477,0,
24,4692,0,
24,9543,0,
24,11455,0,
24,11593,0,
24,4686,0,
132,1784,1,pro
132,1777,1,pro
132,1775,1,pro
132,1788,1,pro
132,1782,1,pro
132,1762,1,pro
132,1787,1,pro
132,1783,1,pro
132,1785,1,pro
132,1801,1,con
132,1789,1,con
132,1798,1,con
132,1795,1,con
132,1780,1,con
132,1790,1,con
132,1797,1,con
132,1802,1,con
132,1792,1,con
132,1803,1,con
132,1793,1,con
132,1799,1,con
132,1804,1,con
132,1794,1,con
132,1800,1,con
132,1796,1,con
132,6560,0,
132,7152,0,
132,4831,0,
132,6567,0,
132,4860,0,
132,6552,0,
132,6531,0,
132,6506,0,
132,4822,0,
132,7139,0,
132,6524,0,
132,6530,0,
132,7149,0,
132,6565,0,
132,6500,0,
132,6523,0,
132,7144,0,
132,7143,0,
132,9885,0,
132,9895,0,
132,9899,0,
132,4854,0,
132,9876,0,
132,7164,0,
132,4816,0,
72,8956,1,pro
72,8944,1,pro
72,8953,1,pro
72,8954,1,pro
72,8957,1,pro
72,8943,1,pro
72,8958,1,pro
72,8959,1,pro
72,8945,1,pro
72,8952,1,pro
72,8950,1,pro
72,8955,1,pro
72,8960,1,pro
72,8961,1,con
72,8963,1,con
72,8966,1,con
72,8972,1,con
72,8967,1,con
72,8974,1,con
72,8965,1,con
72,8968,1,con
72,8970,1,con
72,8971,1,con
72,8964,1,con
72,8973,1,con
72,8950,1,con
72,8962,1,con
72,9932,0,
72,5126,0,
72,7764,0,
72,1762,0,
72,7197,0,
72,5133,0,
72,7200,0,
72,9955,0,
72,7720,0,
72,1802,0,
72,7734,0,
72,7190,0,
72,7633,0,
72,7718,0,
72,7179,0,
72,7703,0,
72,9938,0,
72,7684,0,
72,9957,0,
72,7631,0,
72,7657,0,
72,7735,0,
72,7634,0,
72,7189,0,
72,1787,0,
72,7705,0,
72,9956,0,
144,1929,1,pro
144,1934,1,pro
144,1956,1,pro
144,2070,1,pro
144,1935,1,pro
144,2062,1,pro
144,1953,1,pro
144,1928,1,pro
144,1927,1,pro
144,1936,1,pro
144,2068,1,pro
144,1945,1,pro
144,1947,1,pro
144,1926,1,pro
144,1932,1,pro
144,2069,1,pro
144,1955,1,pro
144,1933,1,pro
144,2050,1,pro
144,2063,1,pro
144,2071,1,pro
144,1965,1,pro
144,1954,1,pro
144,1925,1,pro
144,1937,1,pro
144,2061,1,pro
144,2064,1,pro
144,2074,1,con
144,1998,1,con
144,2065,1,con
144,2072,1,con
144,2076,1,con
144,2073,1,con
144,1979,1,con
144,1990,1,con
144,1992,1,con
144,1989,1,con
144,1995,1,con
144,1968,1,con
144,1991,1,con
144,1965,1,con
144,1978,1,con
144,1993,1,con
144,1977,1,con
144,7974,0,
144,931,0,
144,11028,0,
144,7975,0,
144,11042,0,
144,11045,0,
144,11069,0,
144,914,0,
144,7954,0,
144,11044,0,
144,7953,0,
144,7047,0,
144,927,0,
144,926,0,
144,923,0,
144,911,0,
144,953,0,
144,11046,0,
144,7078,0,
144,11075,0,
144,7959,0,
144,7093,0,
144,11029,0,
144,930,0,
144,11050,0,
144,11027,0,
144,7094,0,
144,11018,0,
144,7044,0,
144,960,0,
144,904,0,
144,11039,0,
144,10032,0,
144,7971,0,
144,7046,0,
144,11037,0,
144,961,0,
144,7066,0,
144,7095,0,
144,909,0,
144,11040,0,
144,7951,0,
144,7096,0,
144,7069,0,
149,4301,1,pro
149,4300,1,pro
149,4292,1,pro
149,4305,1,pro
149,4310,1,pro
149,4309,1,pro
149,4312,1,pro
149,4306,1,pro
149,4314,1,pro
149,4307,1,pro
149,4302,1,pro
149,4298,1,pro
149,4311,1,pro
149,4316,1,pro
149,4303,1,pro
149,4304,1,pro
149,4315,1,pro
149,4317,1,pro
149,4313,1,pro
149,4296,1,pro
149,4308,1,pro
149,4333,1,con
149,4329,1,con
149,4334,1,con
149,4293,1,con
149,4294,1,con
149,4332,1,con
149,4319,1,con
149,4328,1,con
149,4330,1,con
149,4327,1,con
149,4324,1,con
149,4331,1,con
149,4302,1,con
149,4321,1,con
149,4320,1,con
149,4326,1,con
149,4322,1,con
149,4335,1,con
149,4336,1,con
149,4325,1,con
149,4314,1,con
149,8538,0,
149,10638,0,
149,8447,0,
149,7143,0,
149,7150,0,
149,8505,0,
149,10632,0,
149,8507,0,
149,8528,0,
149,8504,0,
149,8533,0,
149,11743,0,
149,7149,0,
149,10563,0,
149,7139,0,
149,8527,0,
149,7160,0,
149,8458,0,
149,8457,0,
149,8435,0,
149,8460,0,
149,11738,0,
149,8453,0,
149,10575,0,
149,8444,0,
149,11728,0,
149,7158,0,
149,11737,0,
149,10639,0,
149,10585,0,
149,10572,0,
149,8434,0,
149,7140,0,
149,8440,0,
149,10573,0,
149,8450,0,
149,7146,0,
149,8448,0,
149,8436,0,
149,8537,0,
149,8511,0,
149,8525,0,
130,8812,1,pro
130,8840,1,pro
130,8924,1,pro
130,8811,1,pro
130,8804,1,pro
130,8803,1,pro
130,8802,1,pro
130,8805,1,pro
130,8816,1,pro
130,8821,1,pro
130,8830,1,pro
130,8839,1,pro
130,8841,1,pro
130,8820,1,pro
130,8838,1,pro
130,8922,1,pro
130,8823,1,pro
130,8817,1,pro
130,8806,1,pro
130,8825,1,pro
130,8835,1,pro
130,8810,1,pro
130,8813,1,pro
130,8809,1,pro
130,8818,1,pro
130,8827,1,pro
130,8829,1,pro
130,8808,1,pro
130,8814,1,pro
130,8831,1,pro
130,8834,1,pro
130,8815,1,pro
130,8837,1,pro
130,8826,1,pro
130,8828,1,pro
130,8833,1,pro
130,8824,1,pro
130,8921,1,pro
130,8836,1,pro
130,8807,1,pro
130,8819,1,pro
130,8876,1,con
130,8880,1,con
130,8870,1,con
130,8857,1,con
130,8851,1,con
130,8848,1,con
130,8863,1,con
130,8927,1,con
130,8849,1,con
130,8858,1,con
130,8865,1,con
130,8868,1,con
130,8861,1,con
130,8879,1,con
130,8872,1,con
130,8831,1,con
130,8928,1,con
130,8878,1,con
130,8874,1,con
130,8853,1,con
130,8862,1,con
130,8871,1,con
130,8852,1,con
130,8926,1,con
130,8850,1,con
130,8864,1,con
130,8854,1,con
130,8873,1,con
130,8846,1,con
130,8847,1,con
130,8860,1,con
130,8875,1,con
130,8869,1,con
130,8859,1,con
130,8866,1,con
130,11174,0,
130,11057,0,
130,11173,0,
130,11076,0,
130,11183,0,
130,11052,0,
130,11040,0,
130,11034,0,
130,8713,0,
130,11733,0,
130,11200,0,
130,8695,0,
130,11155,0,
130,11028,0,
130,11202,0,
130,11026,0,
130,11050,0,
130,11017,0,
130,11264,0,
130,11739,0,
130,11035,0,
130,8693,0,
130,11738,0,
130,11147,0,
130,11160,0,
130,11280,0,
130,10032,0,
130,8702,0,
130,9969,0,
130,11168,0,
130,11727,0,
130,8694,0,
130,11169,0,
130,9970,0,
130,11148,0,
130,11272,0,
130,11161,0,
130,10035,0,
130,11158,0,
130,8688,0,
130,8718,0,
130,11069,0,
130,11036,0,
130,11201,0,
130,11251,0,
130,11203,0,
130,10039,0,
130,10041,0,
130,11150,0,
130,11213,0,
130,11181,0,
130,11157,0,
130,11247,0,
130,8736,0,
130,11743,0,
130,11206,0,
130,11043,0,
130,8709,0,
130,11051,0,
130,11741,0,
130,11278,0,
130,8711,0,
130,10040,0,
130,11184,0,
130,11740,0,
130,11031,0,
130,11069,0,
130,11265,0,
130,8715,0,
130,10007,0,
130,11285,0,
130,11033,0,
130,11173,0,
130,8688,0,
130,11192,0,
130,11027,0,
34,6824,1,pro
34,6823,1,pro
34,6841,1,pro
34,6826,1,pro
34,6838,1,pro
34,6813,1,pro
34,6812,1,pro
34,6825,1,pro
34,6811,1,pro
34,6837,1,pro
34,6840,1,pro
34,6829,1,pro
34,6853,1,pro
34,6827,1,pro
34,6839,1,pro
34,6828,1,pro
34,6822,1,pro
34,6835,1,con
34,6832,1,con
34,6844,1,con
34,6851,1,con
34,6815,1,con
34,6846,1,con
34,6836,1,con
34,6833,1,con
34,6818,1,con
34,6820,1,con
34,6814,1,con
34,6817,1,con
34,6834,1,con
34,6845,1,con
34,6821,1,con
34,6816,1,con
34,6819,1,con
34,6831,1,con
34,4836,0,
34,8533,0,
34,9948,0,
34,9956,0,
34,8824,0,
34,8506,0,
34,8508,0,
34,8454,0,
34,8922,0,
34,8447,0,
34,4861,0,
34,8921,0,
34,4838,0,
34,8840,0,
34,4817,0,
34,8835,0,
34,8438,0,
34,8828,0,
34,4837,0,
34,4846,0,
34,8859,0,
34,8854,0,
34,8806,0,
34,9958,0,
34,9940,0,
34,8872,0,
34,4878,0,
34,8853,0,
34,4866,0,
34,4849,0,
34,8815,0,
34,8434,0,
34,8879,0,
34,4827,0,
34,8831,0,
145,1289,1,pro
145,1286,1,pro
145,1287,1,pro
145,1274,1,pro
145,1288,1,pro
145,1290,1,pro
145,1297,1,pro
145,1291,1,con
145,1281,1,con
145,1284,1,con
145,1283,1,con
145,1279,1,con
145,1282,1,con
145,1278,1,con
145,1276,1,con
145,1285,1,con
145,1218,0,
145,1222,0,
145,1220,0,
145,1227,0,
145,9887,0,
145,9958,0,
145,9931,0,
145,9897,0,
145,1233,0,
145,10789,0,
145,9959,0,
145,9950,0,
145,9903,0,
145,1208,0,
145,1232,0,
145,9919,0,
86,4854,1,pro
86,4820,1,pro
86,4811,1,pro
86,4852,1,pro
86,4866,1,pro
86,4860,1,pro
86,4815,1,pro
86,4822,1,pro
86,4818,1,pro
86,4836,1,pro
86,4838,1,pro
86,4817,1,pro
86,4824,1,pro
86,4835,1,pro
86,4837,1,pro
86,4861,1,pro
86,4816,1,pro
86,4831,1,con
86,4819,1,con
86,4865,1,con
86,4829,1,con
86,4847,1,con
86,4846,1,con
86,4849,1,con
86,4827,1,con
86,4833,1,con
86,4844,1,con
86,4867,1,con
86,4851,1,con
86,4834,1,con
86,4830,1,con
86,4825,1,con
86,4862,1,con
86,4848,1,con
86,11360,0,
86,7174,0,
86,11357,0,
86,7221,0,
86,8576,0,
86,925,0,
86,7195,0,
86,11349,0,
86,6410,0,
86,7201,0,
86,8567,0,
86,7173,0,
86,8560,0,
86,11343,0,
86,7179,0,
86,7178,0,
86,923,0,
86,8566,0,
86,8569,0,
86,11355,0,
86,7168,0,
86,8570,0,
86,8574,0,
86,7216,0,
86,8547,0,
86,6414,0,
86,11358,0,
86,11342,0,
86,11348,0,
86,6399,0,
86,8562,0,
86,911,0,
86,919,0,
86,11344,0,
74,5988,1,pro
74,5991,1,pro
74,5986,1,pro
74,5993,1,pro
74,5985,1,pro
74,5987,1,pro
74,5994,1,pro
74,5990,1,pro
74,5983,1,pro
74,5984,1,pro
74,6011,1,con
74,6008,1,con
74,5996,1,con
74,6010,1,con
74,6001,1,con
74,6005,1,con
74,6009,1,con
74,6004,1,con
74,6003,1,con
74,6002,1,con
74,5998,1,con
74,6000,1,con
74,5997,1,con
74,5999,1,con
74,9883,0,
74,6407,0,
74,6410,0,
74,9887,0,
74,6819,0,
74,7076,0,
74,10573,0,
74,6829,0,
74,10637,0,
74,7094,0,
74,10566,0,
74,6836,0,
74,6841,0,
74,6388,0,
74,7091,0,
74,10582,0,
74,7085,0,
74,7065,0,
74,7050,0,
74,7089,0,
74,6414,0,
74,6845,0,
74,6832,0,
74,10641,0,
69,7150,1,pro
69,7148,1,pro
69,7140,1,pro
69,7151,1,pro
69,7152,1,pro
69,7139,1,pro
69,7142,1,pro
69,7159,1,pro
69,7153,1,pro
69,7141,1,pro
69,7158,1,pro
69,7149,1,pro
69,7147,1,con
69,7155,1,con
69,7157,1,con
69,7160,1,con
69,7166,1,con
69,7165,1,con
69,7161,1,con
69,7158,1,con
69,7163,1,con
69,7164,1,con
69,7146,1,con
69,7143,1,con
69,7144,1,con
69,7167,1,con
69,7154,1,con
69,6521,0,
69,1364,0,
69,6530,0,
69,1349,0,
69,6526,0,
69,6492,0,
69,6000,0,
69,1359,0,
69,1394,0,
69,6516,0,
69,5998,0,
69,6001,0,
69,6566,0,
69,6522,0,
69,6528,0,
69,1379,0,
69,6002,0,
69,1288,0,
69,1376,0,
69,6493,0,
69,6564,0,
69,6534,0,
69,6008,0,
69,6003,0,
69,6517,0,
69,6567,0,
69,5991,0,
136,1359,1,pro
136,1358,1,pro
136,1351,1,pro
136,1350,1,pro
136,1349,1,pro
136,1352,1,pro
136,1363,1,pro
136,1367,1,pro
136,1364,1,pro
136,1353,1,pro
136,1372,1,pro
136,1382,1,pro
136,1357,1,pro
136,1360,1,pro
136,1365,1,pro
136,1369,1,pro
136,1361,1,pro
136,1384,1,pro
136,1401,1,pro
136,1393,1,pro
136,1383,1,pro
136,1354,1,pro
136,1366,1,pro
136,1374,1,con
136,1376,1,con
136,1379,1,con
136,1395,1,con
136,1385,1,con
136,1380,1,con
136,1387,1,con
136,1377,1,con
136,1378,1,con
136,1394,1,con
136,1381,1,con
136,1389,1,con
136,1396,1,con
136,1373,1,con
136,1375,1,con
136,6493,0,
136,9903,0,
136,29,0,
136,6567,0,
136,1225,0,
136,15,0,
136,6507,0,
136,6576,0,
136,6552,0,
136,6555,0,
136,9889,0,
136,6528,0,
136,13,0,
136,6580,0,
136,6530,0,
136,24,0,
136,33,0,
136,14,0,
136,1230,0,
136,21,0,
136,1219,0,
136,6499,0,
136,12,0,
136,3,0,
136,9883,0,
136,6496,0,
136,6492,0,
136,6494,0,
136,6555,0,
136,6570,0,
136,1231,0,
136,6560,0,
136,1209,0,
136,1206,0,
136,6556,0,
136,9906,0,
136,11,0,
136,1229,0,
46,8760,1,pro
46,8757,1,pro
46,8758,1,pro
46,8753,1,pro
46,8746,1,pro
46,8749,1,pro
46,8752,1,pro
46,8801,1,pro
46,8748,1,pro
46,8751,1,pro
46,8747,1,pro
46,8745,1,pro
46,8765,1,con
46,8767,1,con
46,8770,1,con
46,8761,1,con
46,8771,1,con
46,8762,1,con
46,8769,1,con
46,8772,1,con
46,8773,1,con
46,8774,1,con
46,8763,1,con
46,8775,1,con
46,8768,1,con
46,8766,1,con
46,9884,0,
46,20,0,
46,9520,0,
46,9399,0,
46,9509,0,
46,9503,0,
46,9521,0,
46,9505,0,
46,9889,0,
46,7270,0,
46,11,0,
46,9508,0,
46,9527,0,
46,3,0,
46,12,0,
46,33,0,
46,2,0,
46,9523,0,
46,9379,0,
46,9507,0,
46,24,0,
46,7252,0,
46,9512,0,
46,9396,0,
46,9390,0,
46,28,0,
75,17,1,pro
75,19,1,pro
75,18,1,pro
75,10,1,pro
75,16,1,pro
75,13,1,pro
75,15,1,pro
75,6,1,pro
75,9,1,pro
75,12,1,pro
75,8,1,pro
75,11,1,pro
75,7,1,pro
75,5,1,pro
75,14,1,pro
75,2,1,con
75,3,1,con
75,28,1,con
75,21,1,con
75,4,1,con
75,33,1,con
75,11,1,con
75,20,1,con
75,25,1,con
75,27,1,con
75,30,1,con
75,29,1,con
75,13,1,con
75,24,1,con
75,26,1,con
75,22,1,con
75,23,1,con
75,6667,0,
75,11126,0,
75,6600,0,
75,6797,0,
75,6769,0,
75,6795,0,
75,6604,0,
75,11117,0,
75,6790,0,
75,6598,0,
75,6624,0,
75,11141,0,
75,6680,0,
75,6678,0,
75,11143,0,
75,6799,0,
75,6689,0,
75,6698,0,
75,6691,0,
75,11130,0,
75,11127,0,
75,6688,0,
75,6662,0,
75,6613,0,
75,11114,0,
75,11122,0,
75,6675,0,
75,6597,0,
75,6660,0,
75,6625,0,
75,11123,0,
75,6775,0,
17,11027,1,pro
17,11026,1,pro
17,11017,1,pro
17,11031,1,pro
17,11036,1,pro
17,11035,1,pro
17,11064,1,pro
17,11033,1,pro
17,11028,1,pro
17,11037,1,pro
17,11029,1,pro
17,11023,1,pro
17,11030,1,pro
17,11069,1,pro
17,11039,1,pro
17,11040,1,pro
17,11034,1,pro
17,11055,1,con
17,11018,1,con
17,11045,1,con
17,11054,1,con
17,11053,1,con
17,11063,1,con
17,11050,1,con
17,11057,1,con
17,11028,1,con
17,11042,1,con
17,11044,1,con
17,11047,1,con
17,11076,1,con
17,11046,1,con
17,11049,1,con
17,11052,1,con
17,11043,1,con
17,11069,1,con
17,11075,1,con
17,11051,1,con
17,1278,0,
17,1285,0,
17,1934,0,
17,1991,0,
17,1283,0,
17,1956,0,
17,7174,0,
17,1288,0,
17,1990,0,
17,1281,0,
17,1992,0,
17,1947,0,
17,5136,0,
17,5135,0,
17,1954,0,
17,1937,0,
17,5141,0,
17,7201,0,
17,1989,0,
17,1276,0,
17,7175,0,
17,5127,0,
17,1925,0,
17,1284,0,
17,5143,0,
17,1929,0,
17,1289,0,
17,7178,0,
17,7219,0,
17,1965,0,
17,5140,0,
17,2074,0,
17,7189,0,
17,7197,0,
17,7173,0,
17,1291,0,
17,5137,0,
4,909,1,pro
4,950,1,pro
4,911,1,pro
4,912,1,pro
4,953,1,pro
4,914,1,pro
4,907,1,pro
4,910,1,pro
4,913,1,pro
4,903,1,pro
4,906,1,pro
4,904,1,pro
4,915,1,pro
4,929,1,con
4,920,1,con
4,919,1,con
4,922,1,con
4,916,1,con
4,909,1,con
4,917,1,con
4,921,1,con
4,926,1,con
4,928,1,con
4,931,1,con
4,960,1,con
4,930,1,con
4,925,1,con
4,927,1,con
4,961,1,con
4,932,1,con
4,923,1,con
4,924,1,con
4,918,1,con
4,6615,0,
4,7977,0,
4,7101,0,
4,8859,0,
4,6610,0,
4,6625,0,
4,8807,0,
4,7065,0,
4,6600,0,
4,6621,0,
4,6613,0,
4,8850,0,
4,10802,0,
4,8862,0,
4,8817,0,
4,6647,0,
4,8846,0,
4,7048,0,
4,6596,0,
4,8833,0,
4,8825,0,
4,8865,0,
4,7041,0,
4,7970,0,
4,10789,0,
4,8858,0,
4,8838,0,
4,6619,0,
4,7100,0,
4,7050,0,
4,7967,0,
4,7952,0,
4,6623,0,
120,6405,1,pro
120,6393,1,pro
120,6403,1,pro
120,6406,1,pro
120,6389,1,pro
120,6391,1,pro
120,6390,1,pro
120,6388,1,pro
120,6392,1,pro
120,6404,1,pro
120,6410,1,con
120,6415,1,con
120,6395,1,con
120,6416,1,con
120,6401,1,con
120,6407,1,con
120,6398,1,con
120,6400,1,con
120,6394,1,con
120,6414,1,con
120,6408,1,con
120,6396,1,con
120,6399,1,con
120,6409,1,con
120,6411,1,con
120,9217,0,
120,9189,0,
120,9268,0,
120,1290,0,
120,1283,0,
120,11302,0,
120,11298,0,
120,6622,0,
120,9280,0,
120,4879,0,
120,6620,0,
120,6635,0,
120,6596,0,
120,9208,0,
120,4889,0,
120,11300,0,
120,9199,0,
120,9213,0,
120,9226,0,
120,6603,0,
120,11301,0,
120,6617,0,
120,4883,0,
120,9263,0,
120,4874,0,
98,6560,1,pro
98,6494,1,pro
98,6492,1,pro
98,6506,1,pro
98,6520,1,pro
98,6529,1,pro
98,6495,1,pro
98,6528,1,pro
98,6496,1,pro
98,6553,1,pro
98,6555,1,pro
98,6558,1,pro
98,6580,1,pro
98,6522,1,pro
98,6519,1,pro
98,6521,1,pro
98,6524,1,pro
98,6498,1,pro
98,6516,1,pro
98,6518,1,pro
98,6552,1,pro
98,6561,1,pro
98,6523,1,pro
98,6526,1,pro
98,6497,1,pro
98,6509,1,pro
98,6559,1,pro
98,6556,1,pro
98,6566,1,con
98,6534,1,con
98,6570,1,con
98,6577,1,con
98,6502,1,con
98,6530,1,con
98,6535,1,con
98,6501,1,con
98,6585,1,con
98,6493,1,con
98,6557,1,con
98,6533,1,con
98,6576,1,con
98,6531,1,con
98,6507,1,con
98,6555,1,con
98,6575,1,con
98,6500,1,con
98,6503,1,con
98,6499,1,con
98,6517,1,con
98,6519,1,con
98,6551,1,con
98,6498,1,con
98,6505,1,con
98,6564,1,con
98,6567,1,con
98,6571,1,con
98,6523,1,con
98,6514,1,con
98,6563,1,con
98,6515,1,con
98,6565,1,con
98,11485,0,
98,6597,0,
98,4688,0,
98,9471,0,
98,6615,0,
98,9483,0,
98,9445,0,
98,6600,0,
98,11459,0,
98,6623,0,
98,11492,0,
98,4672,0,
98,11431,0,
98,9453,0,
98,11468,0,
98,11495,0,
98,11523,0,
98,11544,0,
98,11551,0,
98,4691,0,
98,6624,0,
98,6622,0,
98,11505,0,
98,11461,0,
98,6647,0,
98,11525,0,
98,6618,0,
98,11478,0,
98,9448,0,
98,6613,0,
98,6596,0,
98,4697,0,
98,9450,0,
98,4700,0,
98,6646,0,
98,9436,0,
98,11513,0,
98,11445,0,
98,11592,0,
98,11547,0,
98,11493,0,
98,11446,0,
98,9433,0,
98,4673,0,
98,11475,0,
98,11474,0,
98,11594,0,
98,11599,0,
98,6619,0,
98,4688,0,
98,11512,0,
98,4687,0,
98,11454,0,
98,9481,0,
98,9444,0,
98,11548,0,
98,11501,0,
98,11526,0,
98,4695,0,
98,9439,0,
98,4684,0,
11,6787,1,pro
11,6784,1,pro
11,6785,1,pro
11,6777,1,pro
11,6783,1,pro
11,6789,1,pro
11,6795,1,pro
11,6773,1,pro
11,6799,1,pro
11,6790,1,pro
11,6768,1,pro
11,6774,1,pro
11,6786,1,pro
11,6781,1,pro
11,6793,1,pro
11,6797,1,con
11,6794,1,con
11,6788,1,con
11,6798,1,con
11,6780,1,con
11,6776,1,con
11,6779,1,con
11,6796,1,con
11,6769,1,con
11,6775,1,con
11,6778,1,con
11,9137,0,
11,8985,0,
11,11540,0,
11,6394,0,
11,11472,0,
11,9116,0,
11,11592,0,
11,11513,0,
11,9111,0,
11,11450,0,
11,9071,0,
11,11536,0,
11,11511,0,
11,11458,0,
11,11492,0,
11,11475,0,
11,8987,0,
11,11445,0,
11,11439,0,
11,11600,0,
11,6393,0,
11,11484,0,
11,9110,0,
11,8983,0,
11,11485,0,
11,11542,0,
107,9075,1,pro
107,9068,1,pro
107,9021,1,pro
107,9105,1,pro
107,9122,1,pro
107,9114,1,pro
107,8992,1,pro
107,9072,1,pro
107,8985,1,pro
107,8984,1,pro
107,8983,1,pro
107,9011,1,pro
107,8986,1,pro
107,9130,1,pro
107,9084,1,pro
107,9082,1,pro
107,9022,1,pro
107,9133,1,pro
107,8987,1,pro
107,9135,1,pro
107,9044,1,pro
107,9023,1,pro
107,9046,1,pro
107,8990,1,pro
107,9104,1,pro
107,9116,1,pro
107,9086,1,pro
107,9036,1,pro
107,9129,1,pro
107,9110,1,pro
107,8989,1,pro
107,9074,1,pro
107,9132,1,pro
107,9097,1,pro
107,9058,1,pro
107,9107,1,pro
107,9014,1,pro
107,9134,1,pro
107,9017,1,pro
107,8988,1,pro
107,9050,1,pro
107,9112,1,pro
107,9047,1,pro
107,9137,1,con
107,9130,1,con
107,8985,1,con
107,9038,1,con
107,9067,1,con
107,9032,1,con
107,9029,1,con
107,9100,1,con
107,8998,1,con
107,9066,1,con
107,9039,1,con
107,9111,1,con
107,9131,1,con
107,9071,1,con
107,9136,1,con
107,9115,1,con
107,9042,1,con
107,8996,1,con
107,9034,1,con
107,9009,1,con
107,9043,1,con
107,9080,1,con
107,9069,1,con
107,9031,1,con
107,9045,1,con
107,9035,1,con
107,9047,1,con
107,9215,0,
107,4837,0,
107,6415,0,
107,8747,0,
107,4820,0,
107,6392,0,
107,9217,0,
107,11335,0,
107,9283,0,
107,11339,0,
107,9234,0,
107,4811,0,
107,6406,0,
107,4827,0,
107,8768,0,
107,11358,0,
107,9278,0,
107,8766,0,
107,8801,0,
107,4816,0,
107,8745,0,
107,9233,0,
107,4849,0,
107,8751,0,
107,6404,0,
107,4825,0,
107,11357,0,
107,11347,0,
107,8752,0,
107,11356,0,
107,11336,0,
107,9267,0,
107,9269,0,
107,4844,0,
107,4834,0,
107,6407,0,
107,6388,0,
107,9213,0,
107,9201,0,
107,9262,0,
107,9260,0,
107,8757,0,
107,6414,0,
107,6389,0,
107,4822,0,
107,9281,0,
107,11344,0,
107,8770,0,
107,8765,0,
107,11354,0,
107,8762,0,
107,4862,0,
107,8748,0,
107,4866,0,
107,11363,0,
107,6391,0,
107,4833,0,
107,6399,0,
107,6416,0,
107,4819,0,
107,4865,0,
107,11364,0,
107,6395,0,
107,9205,0,
107,4867,0,
107,11337,0,
107,4852,0,
107,6405,0,
107,6394,0,
107,9212,0,
39,7088,1,pro
39,7045,1,pro
39,7041,1,pro
39,7089,1,pro
39,7086,1,pro
39,7091,1,pro
39,7044,1,pro
39,7093,1,pro
39,7042,1,pro
39,7085,1,pro
39,7094,1,pro
39,7092,1,pro
39,7066,1,con
39,7096,1,con
39,7069,1,con
39,7047,1,con
39,7065,1,con
39,7077,1,con
39,7046,1,con
39,7049,1,con
39,7048,1,con
39,7100,1,con
39,7097,1,con
39,7078,1,con
39,7076,1,con
39,7050,1,con
39,7099,1,con
39,7051,1,con
39,7101,1,con
39,7095,1,con
39,10828,0,
39,10788,0,
39,1213,0,
39,11543,0,
39,9389,0,
39,1231,0,
39,11470,0,
39,9373,0,
39,10798,0,
39,9413,0,
39,11444,0,
39,9392,0,
39,11040,0,
39,11513,0,
39,11547,0,
39,11076,0,
39,1225,0,
39,10799,0,
39,11541,0,
39,11527,0,
39,11045,0,
39,10804,0,
39,1208,0,
39,11506,0,
39,11017,0,
39,11593,0,
39,9404,0,
39,11029,0,
39,9406,0,
39,9396,0,
101,4889,1,pro
101,4880,1,pro
101,4874,1,pro
101,4879,1,pro
101,4878,1,pro
101,4881,1,pro
101,4877,1,pro
101,4875,1,pro
101,4888,1,con
101,4885,1,con
101,4882,1,con
101,4883,1,con
101,4887,1,con
101,4884,1,con
101,6829,0,
101,9391,0,
101,8712,0,
101,8734,0,
101,9504,0,
101,9395,0,
101,6834,0,
101,9408,0,
101,6824,0,
101,8702,0,
101,6844,0,
101,9382,0,
101,6818,0,
101,9509,0,
30,6737,1,pro
30,6766,1,pro
30,6742,1,pro
30,6735,1,pro
30,6744,1,pro
30,6765,1,pro
30,6738,1,pro
30,6739,1,pro
30,6719,1,pro
30,6740,1,pro
30,6734,1,pro
30,6736,1,pro
30,6741,1,pro
30,6743,1,pro
30,6753,1,con
30,6748,1,con
30,6755,1,con
30,6746,1,con
30,6749,1,con
30,6751,1,con
30,6740,1,con
30,6752,1,con
30,6754,1,con
30,11505,0,
30,11540,0,
30,11592,0,
30,11472,0,
30,7260,0,
30,11549,0,
30,1283,0,
30,11548,0,
30,7259,0,
30,11450,0,
30,11501,0,
30,11523,0,
30,11492,0,
30,8575,0,
30,11427,0,
30,11551,0,
30,1279,0,
30,11620,0,
30,1284,0,
30,11445,0,
30,11470,0,
30,8574,0,
30,11452,0,
59,11316,1,pro
59,11315,1,pro
59,11304,1,pro
59,11312,1,pro
59,11303,1,pro
59,11313,1,pro
59,11300,1,pro
59,11314,1,pro
59,11302,1,pro
59,11311,1,pro
59,11307,1,con
59,11298,1,con
59,11301,1,con
59,11309,1,con
59,11299,1,con
59,11305,1,con
59,11300,1,con
59,11302,1,con
59,10053,0,
59,10106,0,
59,10082,0,
59,10156,0,
59,1506,0,
59,10099,0,
59,10151,0,
59,10158,0,
59,10154,0,
59,10147,0,
59,10160,0,
59,10172,0,
59,10069,0,
59,10096,0,
59,10045,0,
59,1489,0,
59,1487,0,
59,1498,0,
141,10638,1,pro
141,10563,1,pro
141,10562,1,pro
141,10640,1,pro
141,10581,1,pro
141,10572,1,pro
141,10560,1,pro
141,10641,1,pro
141,10573,1,pro
141,10630,1,pro
141,10566,1,pro
141,10634,1,pro
141,10639,1,pro
141,10632,1,pro
141,10575,1,pro
141,10631,1,pro
141,10637,1,con
141,10634,1,con
141,10583,1,con
141,10584,1,con
141,10582,1,con
141,10585,1,con
141,10642,1,con
141,10556,1,con
141,10581,1,con
141,10625,1,con
141,3320,0,
141,3334,0,
141,11298,0,
141,3317,0,
141,6378,0,
141,9959,0,
141,11305,0,
141,6362,0,
141,11299,0,
141,6368,0,
141,9939,0,
141,6379,0,
141,9919,0,
141,9951,0,
141,9949,0,
141,6377,0,
141,3305,0,
141,11302,0,
141,3318,0,
141,11303,0,
141,6359,0,
141,11314,0,
141,9943,0,
141,9938,0,
141,11316,0,
141,11313,0,
23,1205,1,pro
23,1209,1,pro
23,1211,1,pro
23,1220,1,pro
23,1206,1,pro
23,1204,1,pro
23,1219,1,pro
23,1221,1,pro
23,1210,1,pro
23,1217,1,pro
23,1213,1,pro
23,1218,1,pro
23,1208,1,pro
23,1222,1,pro
23,1203,1,pro
23,1207,1,pro
23,1224,1,con
23,1237,1,con
23,1223,1,con
23,1225,1,con
23,1231,1,con
23,1262,1,con
23,1235,1,con
23,1233,1,con
23,1229,1,con
23,1227,1,con
23,1228,1,con
23,1230,1,con
23,1232,1,con
23,5132,0,
23,5125,0,
23,5140,0,
23,10096,0,
23,4887,0,
23,5143,0,
23,9381,0,
23,9401,0,
23,10079,0,
23,10103,0,
23,10106,0,
23,10048,0,
23,10155,0,
23,10156,0,
23,9416,0,
23,10172,0,
23,5129,0,
23,10061,0,
23,4885,0,
23,10091,0,
23,5128,0,
23,10168,0,
23,10167,0,
23,9414,0,
23,9392,0,
23,10166,0,
23,10086,0,
23,4877,0,
23,10076,0,
62,9939,1,pro
62,9944,1,pro
62,9937,1,pro
62,9940,1,pro
62,9932,1,pro
62,9931,1,pro
62,9948,1,pro
62,9942,1,pro
62,9919,1,pro
62,9947,1,pro
62,9938,1,pro
62,9943,1,pro
62,9949,1,con
62,9937,1,con
62,9955,1,con
62,9958,1,con
62,9950,1,con
62,9957,1,con
62,9934,1,con
62,9951,1,con
62,9931,1,con
62,9953,1,con
62,9959,1,con
62,9954,1,con
62,9956,1,con
62,11335,0,
62,11347,0,
62,6753,0,
62,6765,0,
62,9230,0,
62,6742,0,
62,9218,0,
62,11362,0,
62,9234,0,
62,6755,0,
62,9887,0,
62,6051,0,
62,11348,0,
62,6749,0,
62,9898,0,
62,9895,0,
62,9208,0,
62,9265,0,
62,6743,0,
62,9891,0,
62,6734,0,
62,6746,0,
62,9905,0,
62,9888,0,
62,11364,0,
53,7264,1,pro
53,7260,1,pro
53,7250,1,pro
53,7259,1,pro
53,7261,1,pro
53,7258,1,pro
53,7255,1,pro
53,7262,1,pro
53,7247,1,pro
53,7249,1,pro
53,7252,1,pro
53,7246,1,pro
53,7248,1,pro
53,7253,1,pro
53,7256,1,pro
53,7245,1,pro
53,7252,1,con
53,7268,1,con
53,7272,1,con
53,7270,1,con
53,7260,1,con
53,7274,1,con
53,7265,1,con
53,7237,1,con
53,7266,1,con
53,7267,1,con
53,7269,1,con
53,7234,1,con
53,7273,1,con
53,8605,0,
53,8594,0,
53,6652,0,
53,10562,0,
53,6742,0,
53,6686,0,
53,8622,0,
53,10632,0,
53,6719,0,
53,8646,0,
53,8617,0,
53,6672,0,
53,10639,0,
53,6685,0,
53,8583,0,
53,6656,0,
53,8589,0,
53,6656,0,
53,6690,0,
53,8615,0,
53,6748,0,
53,6675,0,
53,8585,0,
53,10625,0,
53,6692,0,
53,6681,0,
53,6662,0,
53,6697,0,
53,8629,0,
110,8505,1,pro
110,8523,1,pro
110,8441,1,pro
110,8440,1,pro
110,8434,1,pro
110,8445,1,pro
110,8449,1,pro
110,8446,1,pro
110,8435,1,pro
110,8447,1,pro
110,8525,1,pro
110,8438,1,pro
110,8508,1,pro
110,8526,1,pro
110,8437,1,pro
110,8522,1,pro
110,8443,1,pro
110,8527,1,pro
110,8507,1,pro
110,8444,1,pro
110,8528,1,pro
110,8506,1,pro
110,8436,1,pro
110,8448,1,pro
110,8538,1,con
110,8536,1,con
110,8509,1,con
110,8433,1,con
110,8459,1,con
110,8450,1,con
110,8532,1,con
110,8452,1,con
110,8454,1,con
110,8539,1,con
110,8541,1,con
110,8451,1,con
110,8534,1,con
110,8456,1,con
110,8458,1,con
110,8461,1,con
110,8533,1,con
110,8460,1,con
110,8540,1,con
110,8511,1,con
110,8482,1,con
110,8455,1,con
110,8457,1,con
110,8537,1,con
110,8535,1,con
110,8500,1,con
110,8453,1,con
110,8436,1,con
110,8504,1,con
110,9937,0,
110,8562,0,
110,4093,0,
110,6054,0,
110,6055,0,
110,6061,0,
110,9939,0,
110,4091,0,
110,11739,0,
110,11732,0,
110,11741,0,
110,9940,0,
110,9931,0,
110,11743,0,
110,4099,0,
110,9919,0,
110,9938,0,
110,8557,0,
110,9951,0,
110,8564,0,
110,9957,0,
110,9956,0,
110,9949,0,
110,8568,0,
110,4092,0,
110,4089,0,
110,8559,0,
110,6052,0,
110,9950,0,
110,4103,0,
110,9954,0,
110,8567,0,
110,8547,0,
110,6053,0,
110,4094,0,
110,4088,0,
110,9943,0,
110,8574,0,
110,4079,0,
110,9955,0,
110,4105,0,
110,8575,0,
110,9932,0,
110,9942,0,
110,9947,0,
110,9953,0,
110,8569,0,
110,8556,0,
110,9944,0,
110,4097,0,
110,9958,0,
110,9948,0,
110,8555,0,
127,2947,1,pro
127,2835,1,pro
127,2803,1,pro
127,2831,1,pro
127,2951,1,pro
127,2836,1,pro
127,2795,1,pro
127,2938,1,pro
127,2796,1,pro
127,2957,1,pro
127,2821,1,pro
127,2830,1,pro
127,2842,1,pro
127,2956,1,pro
127,2832,1,pro
127,2829,1,pro
127,2839,1,pro
127,2808,1,pro
127,2840,1,pro
127,2833,1,pro
127,2964,1,pro
127,2809,1,pro
127,2804,1,pro
127,2800,1,pro
127,2963,1,pro
127,2949,1,pro
127,2823,1,pro
127,2820,1,pro
127,2954,1,pro
127,2952,1,pro
127,2799,1,pro
127,2950,1,pro
127,2819,1,pro
127,2841,1,pro
127,2837,1,pro
127,2827,1,pro
127,2798,1,pro
127,2810,1,pro
127,2937,1,pro
127,2867,1,con
127,2847,1,con
127,2885,1,con
127,2878,1,con
127,2836,1,con
127,2882,1,con
127,2886,1,con
127,2880,1,con
127,2795,1,con
127,2891,1,con
127,2858,1,con
127,2848,1,con
127,2894,1,con
127,2892,1,con
127,2968,1,con
127,2883,1,con
127,2856,1,con
127,2887,1,con
127,2859,1,con
127,2941,1,con
127,2881,1,con
127,2946,1,con
127,2870,1,con
127,2888,1,con
127,2889,1,con
127,2869,1,con
127,2844,1,con
127,2874,1,con
127,2890,1,con
127,2843,1,con
127,2868,1,con
127,2872,1,con
127,2845,1,con
127,2851,1,con
127,2871,1,con
127,2861,1,con
127,2850,1,con
127,2857,1,con
127,7247,0,
127,7194,0,
127,9901,0,
127,4881,0,
127,9893,0,
127,1777,0,
127,7265,0,
127,1796,0,
127,7219,0,
127,9888,0,
127,1790,0,
127,9907,0,
127,9906,0,
127,7245,0,
127,7181,0,
127,1793,0,
127,9914,0,
127,1802,0,
127,9890,0,
127,7177,0,
127,7195,0,
127,7264,0,
127,7268,0,
127,7189,0,
127,4889,0,
127,9898,0,
127,9905,0,
127,4885,0,
127,7216,0,
127,9886,0,
127,7256,0,
127,1800,0,
127,7196,0,
127,1780,0,
127,9885,0,
127,9895,0,
127,7274,0,
127,7246,0,
127,7217,0,
127,9899,0,
127,4887,0,
127,7273,0,
127,9900,0,
127,1762,0,
127,1801,0,
127,7200,0,
127,7168,0,
127,7201,0,
127,9883,0,
127,7255,0,
127,4877,0,
127,7190,0,
127,4875,0,
127,7234,0,
127,1782,0,
127,9894,0,
127,9889,0,
127,1792,0,
127,9913,0,
127,9896,0,
127,4880,0,
127,7174,0,
127,7270,0,
127,4888,0,
127,1797,0,
127,1789,0,
127,1783,0,
127,1785,0,
127,4883,0,
127,7259,0,
127,1775,0,
127,7272,0,
127,7178,0,
127,7175,0,
127,1788,0,
127,4878,0,
127,9876,0,
123,9497,1,pro
123,9525,1,pro
123,9496,1,pro
123,9501,1,pro
123,9506,1,pro
123,9505,1,pro
123,9523,1,pro
123,9508,1,pro
123,9502,1,pro
123,9491,1,pro
123,9510,1,pro
123,9527,1,pro
123,9503,1,pro
123,9495,1,pro
123,9498,1,pro
123,9494,1,pro
123,9507,1,pro
123,9493,1,pro
123,9499,1,pro
123,9500,1,pro
123,9509,1,pro
123,9492,1,pro
123,9504,1,pro
123,9512,1,con
123,9514,1,con
123,9517,1,con
123,9522,1,con
123,9518,1,con
123,9516,1,con
123,9519,1,con
123,9520,1,con
123,9521,1,con
123,9490,1,con
123,9515,1,con
123,4102,0,
123,7042,0,
123,4089,0,
123,7076,0,
123,9894,0,
123,6788,0,
123,9876,0,
123,9403,0,
123,6790,0,
123,9906,0,
123,9907,0,
123,9899,0,
123,6781,0,
123,9409,0,
123,9896,0,
123,6793,0,
123,9883,0,
123,7046,0,
123,9415,0,
123,9398,0,
123,7091,0,
123,7093,0,
123,9386,0,
123,6785,0,
123,9406,0,
123,4079,0,
123,6794,0,
123,6786,0,
123,4086,0,
123,6779,0,
123,9886,0,
123,9391,0,
123,9412,0,
123,9395,0,
148,3324,1,pro
148,3334,1,pro
148,3322,1,pro
148,3325,1,pro
148,3315,1,pro
148,3320,1,pro
148,3333,1,pro
148,3306,1,pro
148,3305,1,pro
148,3317,1,pro
148,3321,1,pro
148,3332,1,con
148,3326,1,con
148,3308,1,con
148,3305,1,con
148,3304,1,con
148,3318,1,con
148,6740,0,
148,6817,0,
148,6819,0,
148,1762,0,
148,6741,0,
148,1799,0,
148,6844,0,
148,6835,0,
148,8766,0,
148,1787,0,
148,1792,0,
148,1802,0,
148,6820,0,
148,8770,0,
148,6719,0,
148,6755,0,
148,6744,0,
32,6058,1,pro
32,6054,1,pro
32,6051,1,pro
32,6062,1,pro
32,6065,1,con
32,6061,1,con
32,6052,1,con
32,6051,1,con
32,6055,1,con
32,6053,1,con
32,8557,0,
32,10053,0,
32,10166,0,
32,10051,0,
32,8569,0,
32,10045,0,
32,10070,0,
32,10063,0,
32,10076,0,
32,10156,0,
108,8570,1,pro
108,8563,1,pro
108,8555,1,pro
108,8566,1,pro
108,8554,1,pro
108,8557,1,pro
108,8547,1,pro
108,8556,1,pro
108,8564,1,pro
108,8562,1,con
108,8575,1,con
108,8576,1,con
108,8567,1,con
108,8560,1,con
108,8568,1,con
108,8574,1,con
108,8561,1,con
108,8558,1,con
108,8559,1,con
108,8569,1,con
108,5996,0,
108,8965,0,
108,8943,0,
108,5984,0,
108,5999,0,
108,5994,0,
108,8963,0,
108,8953,0,
108,8962,0,
108,5987,0,
108,8944,0,
108,8974,0,
108,8956,0,
108,6010,0,
108,6008,0,
108,6005,0,
108,8950,0,
108,5990,0,
108,8970,0,
108,8960,0,
126,10147,1,pro
126,10155,1,pro
126,10164,1,pro
126,10045,1,pro
126,10070,1,pro
126,10061,1,pro
126,10162,1,pro
126,10063,1,pro
126,10159,1,pro
126,10046,1,pro
126,10053,1,pro
126,10062,1,pro
126,10069,1,pro
126,10169,1,pro
126,10048,1,pro
126,10168,1,pro
126,10066,1,pro
126,10156,1,pro
126,10154,1,pro
126,10166,1,pro
126,10064,1,pro
126,10161,1,pro
126,10076,1,pro
126,10160,1,pro
126,10065,1,pro
126,10171,1,pro
126,10106,1,pro
126,10096,1,con
126,10158,1,con
126,10164,1,con
126,10085,1,con
126,10051,1,con
126,10097,1,con
126,10079,1,con
126,10091,1,con
126,10088,1,con
126,10103,1,con
126,10167,1,con
126,10089,1,con
126,10082,1,con
126,10098,1,con
126,10105,1,con
126,10050,1,con
126,10152,1,con
126,10165,1,con
126,10101,1,con
126,10151,1,con
126,10077,1,con
126,10172,1,con
126,10102,1,con
126,10090,1,con
126,10166,1,con
126,10104,1,con
126,10086,1,con
126,10099,1,con
126,4678,0,
126,6000,0,
126,10800,0,
126,5990,0,
126,10822,0,
126,4688,0,
126,4688,0,
126,6008,0,
126,10787,0,
126,7269,0,
126,4691,0,
126,4671,0,
126,5985,0,
126,5996,0,
126,7268,0,
126,5986,0,
126,10824,0,
126,10791,0,
126,4693,0,
126,10789,0,
126,10799,0,
126,10802,0,
126,7272,0,
126,4686,0,
126,7261,0,
126,7267,0,
126,7245,0,
126,7234,0,
126,6002,0,
126,6001,0,
126,10792,0,
126,5991,0,
126,7260,0,
126,7264,0,
126,7237,0,
126,4697,0,
126,4687,0,
126,7252,0,
126,4695,0,
126,4690,0,
126,4689,0,
126,7273,0,
126,5998,0,
126,6010,0,
126,4677,0,
126,5997,0,
126,6004,0,
126,10789,0,
126,5983,0,
126,5987,0,
126,7260,0,
126,5984,0,
126,4683,0,
126,7253,0,
126,7247,0,
125,6610,1,pro
125,6598,1,pro
125,6600,1,pro
125,6606,1,pro
125,6618,1,pro
125,6603,1,pro
125,6605,1,pro
125,6596,1,pro
125,6599,1,pro
125,6602,1,pro
125,6648,1,pro
125,6646,1,pro
125,6619,1,pro
125,6595,1,pro
125,6601,1,pro
125,6597,1,pro
125,6647,1,pro
125,6604,1,pro
125,6615,1,con
125,6617,1,con
125,6620,1,con
125,6649,1,con
125,6625,1,con
125,6621,1,con
125,6622,1,con
125,6635,1,con
125,6623,1,con
125,6624,1,con
125,6613,1,con
125,6614,1,con
125,6616,1,con
125,5999,0,
125,6011,0,
125,3320,0,
125,9522,0,
125,9507,0,
125,3325,0,
125,5998,0,
125,1502,0,
125,1505,0,
125,9512,0,
125,9514,0,
125,3324,0,
125,1482,0,
125,9506,0,
125,1494,0,
125,9500,0,
125,1499,0,
125,5994,0,
125,9496,0,
125,3322,0,
125,6005,0,
125,9499,0,
125,9516,0,
125,3333,0,
125,6002,0,
125,9527,0,
125,9497,0,
125,9520,0,
125,1500,0,
125,1486,0,
125,3304,0,
50,9889,1,pro
50,9886,1,pro
50,9887,1,pro
50,9890,1,pro
50,9891,1,pro
50,9884,1,pro
50,9881,1,pro
50,9914,1,pro
50,9885,1,pro
50,9883,1,pro
50,9888,1,pro
50,9893,1,pro
50,9894,1,con
50,9896,1,con
50,9899,1,con
50,9905,1,con
50,9876,1,con
50,9900,1,con
50,9907,1,con
50,9898,1,con
50,9901,1,con
50,9913,1,con
50,9903,1,con
50,9897,1,con
50,9906,1,con
50,9883,1,con
50,9895,1,con
50,4683,0,
50,11733,0,
50,4687,0,
50,11728,0,
50,4298,0,
50,4320,0,
50,4690,0,
50,4672,0,
50,3315,0,
50,3305,0,
50,3317,0,
50,11738,0,
50,4316,0,
50,4677,0,
50,4307,0,
50,3324,0,
50,4697,0,
50,4671,0,
50,4696,0,
50,3304,0,
50,3334,0,
50,4676,0,
50,3321,0,
50,4329,0,
50,4314,0,
50,3326,0,
50,4679,0,
109,11156,1,pro
109,11184,1,pro
109,11155,1,pro
109,11148,1,pro
109,11174,1,pro
109,11165,1,pro
109,11183,1,pro
109,11185,1,pro
109,11286,1,pro
109,11164,1,pro
109,11182,1,pro
109,11162,1,pro
109,11154,1,pro
109,11157,1,pro
109,11278,1,pro
109,11173,1,pro
109,11158,1,pro
109,11181,1,pro
109,11170,1,pro
109,11177,1,pro
109,11168,1,pro
109,11265,1,pro
109,11264,1,pro
109,11169,1,pro
109,11163,1,pro
109,11200,1,con
109,11251,1,con
109,11285,1,con
109,11147,1,con
109,11201,1,con
109,11160,1,con
109,11247,1,con
109,11195,1,con
109,11192,1,con
109,11161,1,con
109,11150,1,con
109,11288,1,con
109,11209,1,con
109,11202,1,con
109,11287,1,con
109,11279,1,con
109,11171,1,con
109,11173,1,con
109,11280,1,con
109,11272,1,con
109,11255,1,con
109,11206,1,con
109,11250,1,con
109,11196,1,con
109,11204,1,con
109,11213,1,con
109,11203,1,con
109,10798,0,
109,8393,0,
109,11453,0,
109,8391,0,
109,11525,0,
109,11449,0,
109,10793,0,
109,10824,0,
109,11527,0,
109,10792,0,
109,11475,0,
109,11594,0,
109,11445,0,
109,8426,0,
109,11502,0,
109,5141,0,
109,11531,0,
109,11450,0,
109,11505,0,
109,11495,0,
109,11526,0,
109,10801,0,
109,8394,0,
109,11446,0,
109,5127,0,
109,11550,0,
109,10828,0,
109,11463,0,
109,11493,0,
109,11477,0,
109,10823,0,
109,8427,0,
109,5134,0,
109,11523,0,
109,5132,0,
109,11443,0,
109,10800,0,
109,11479,0,
109,11444,0,
109,5140,0,
109,8414,0,
109,11620,0,
109,11629,0,
109,11437,0,
109,8411,0,
109,11590,0,
109,11499,0,
109,11592,0,
109,11548,0,
109,11491,0,
109,8413,0,
109,10789,0,
135,11532,1,pro
135,11437,1,pro
135,11465,1,pro
135,11470,1,pro
135,11436,1,pro
135,11525,1,pro
135,11591,1,pro
135,11427,1,pro
135,11455,1,pro
135,11468,1,pro
135,11446,1,pro
135,11464,1,pro
135,11593,1,pro
135,11528,1,pro
135,11476,1,pro
135,11526,1,pro
135,11445,1,pro
135,11590,1,pro
135,11463,1,pro
135,11629,1,pro
135,11442,1,pro
135,11431,1,pro
135,11474,1,pro
135,11467,1,pro
135,11443,1,pro
135,11438,1,pro
135,11434,1,pro
135,11592,1,pro
135,11594,1,pro
135,11447,1,pro
135,11527,1,pro
135,11452,1,pro
135,11454,1,pro
135,11589,1,pro
135,11439,1,pro
135,11456,1,pro
135,11459,1,pro
135,11536,1,pro
135,11440,1,pro
135,11462,1,pro
135,11478,1,pro
135,11453,1,pro
135,11631,1,pro
135,11531,1,pro
135,11477,1,pro
135,11475,1,pro
135,11620,1,pro
135,11458,1,pro
135,11449,1,pro
135,11479,1,pro
135,11471,1,pro
135,11472,1,pro
135,11600,1,pro
135,11461,1,pro
135,11450,1,pro
135,11444,1,pro
135,11632,1,pro
135,11501,1,con
135,11540,1,con
135,11512,1,con
135,11543,1,con
135,11549,1,con
135,11495,1,con
135,11516,1,con
135,11514,1,con
135,11492,1,con
135,11511,1,con
135,11547,1,con
135,11544,1,con
135,11542,1,con
135,11488,1,con
135,11599,1,con
135,11630,1,con
135,11493,1,con
135,11548,1,con
135,11515,1,con
135,11480,1,con
135,11550,1,con
135,11497,1,con
135,11523,1,con
135,11503,1,con
135,11499,1,con
135,11541,1,con
135,11487,1,con
135,11508,1,con
135,11513,1,con
135,11502,1,con
135,11551,1,con
135,11506,1,con
135,11509,1,con
135,11485,1,con
135,11505,1,con
135,11484,1,con
135,11491,1,con
135,4846,0,
135,4681,0,
135,9394,0,
135,11028,0,
135,4820,0,
135,7045,0,
135,4847,0,
135,9406,0,
135,4865,0,
135,9386,0,
135,11051,0,
135,4695,0,
135,7097,0,
135,4827,0,
135,7077,0,
135,7047,0,
135,11049,0,
135,4686,0,
135,7094,0,
135,9384,0,
135,9388,0,
135,11018,0,
135,9404,0,
135,11044,0,
135,4816,0,
135,4677,0,
135,4830,0,
135,7051,0,
135,9411,0,
135,4844,0,
135,7089,0,
135,4862,0,
135,4860,0,
135,4689,0,
135,11057,0,
135,9397,0,
135,4697,0,
135,11055,0,
135,4851,0,
135,4700,0,
135,9403,0,
135,11050,0,
135,9413,0,
135,4854,0,
135,11045,0,
135,4835,0,
135,9408,0,
135,4829,0,
135,7066,0,
135,7085,0,
135,4691,0,
135,9396,0,
135,11023,0,
135,4671,0,
135,4815,0,
135,4852,0,
135,9391,0,
135,7050,0,
135,9398,0,
135,7065,0,
135,9410,0,
135,9401,0,
135,11047,0,
135,7095,0,
135,9416,0,
135,4687,0,
135,11035,0,
135,9409,0,
135,7101,0,
135,4672,0,
135,11053,0,
135,9392,0,
135,4673,0,
135,9399,0,
135,7078,0,
135,4866,0,
135,7069,0,
135,11026,0,
135,9382,0,
135,4685,0,
135,9407,0,
135,9380,0,
135,11040,0,
135,4849,0,
135,4867,0,
135,4679,0,
135,11036,0,
135,9373,0,
135,11029,0,
135,11054,0,
135,11042,0,
135,11033,0,
135,4674,0,
135,11030,0,
79,10798,1,pro
79,10788,1,pro
79,10802,1,pro
79,10791,1,pro
79,10793,1,pro
79,10789,1,pro
79,10792,1,pro
79,10787,1,pro
79,10828,1,pro
79,10805,1,con
79,10823,1,con
79,10800,1,con
79,10799,1,con
79,10789,1,con
79,10822,1,con
79,10804,1,con
79,10824,1,con
79,10790,1,con
79,10801,1,con
79,10164,0,
79,11124,0,
79,9408,0,
79,6600,0,
79,11118,0,
79,10160,0,
79,6605,0,
79,10050,0,
79,9394,0,
79,11115,0,
79,11137,0,
79,10090,0,
79,10098,0,
79,11121,0,
79,10070,0,
79,6603,0,
79,10630,0,
79,10563,0,
79,9379,0,
118,8618,1,pro
118,8583,1,pro
118,8617,1,pro
118,8629,1,pro
118,8598,1,pro
118,8616,1,pro
118,8626,1,pro
118,8584,1,pro
118,8613,1,pro
118,8627,1,pro
118,8588,1,pro
118,8605,1,pro
118,8639,1,pro
118,8615,1,pro
118,8640,1,pro
118,8628,1,pro
118,8625,1,pro
118,8614,1,pro
118,8638,1,pro
118,8585,1,pro
118,8637,1,pro
118,8634,1,con
118,8597,1,con
118,8622,1,con
118,8619,1,con
118,8623,1,con
118,8595,1,con
118,8586,1,con
118,8624,1,con
118,8589,1,con
118,8620,1,con
118,8594,1,con
118,8596,1,con
118,8615,1,con
118,8621,1,con
118,8582,1,con
118,8646,1,con
118,1802,0,
118,920,0,
118,913,0,
118,1794,0,
118,3315,0,
118,1777,0,
118,3317,0,
118,932,0,
118,914,0,
118,924,0,
118,3333,0,
118,3325,0,
118,916,0,
118,3320,0,
118,928,0,
118,6051,0,
118,919,0,
118,1780,0,
118,3322,0,
118,922,0,
118,1785,0,
118,1796,0,
118,1792,0,
118,910,0,
118,912,0,
118,6062,0,
118,903,0,
118,1789,0,
118,3305,0,
118,3321,0,
118,931,0,
118,1787,0,
118,6055,0,
118,1797,0,
118,6054,0,
118,6065,0,
118,6061,0,
146,10037,1,pro
146,10035,1,pro
146,10033,1,pro
146,10032,1,pro
146,9984,1,pro
146,10024,1,pro
146,10041,1,con
146,10006,1,con
146,9970,1,con
146,10039,1,con
146,9969,1,con
146,9966,1,con
146,10007,1,con
146,9972,1,con
146,10038,1,con
146,10040,1,con
146,3318,0,
146,4315,0,
146,9233,0,
146,3332,0,
146,7950,0,
146,9189,0,
146,6406,0,
146,3306,0,
146,9199,0,
146,7960,0,
146,4329,0,
146,9211,0,
146,7968,0,
146,9265,0,
146,9215,0,
146,4320,0,
41,11733,1,pro
41,11728,1,pro
41,11732,1,pro
41,11727,1,pro
41,11741,1,con
41,11743,1,con
41,11737,1,con
41,11738,1,con
41,11744,1,con
41,11739,1,con
41,11735,1,con
41,11740,1,con
41,11742,1,con
41,11536,0,
41,11589,0,
41,11458,0,
41,8621,0,
41,2954,0,
41,11465,0,
41,8528,0,
41,11525,0,
41,2795,0,
41,2857,0,
41,8443,0,
41,11511,0,
41,8627,0,
14,5132,1,pro
14,5129,1,pro
14,5130,1,pro
14,5133,1,pro
14,5134,1,pro
14,5127,1,pro
14,5128,1,pro
14,5125,1,pro
14,5126,1,pro
14,5131,1,pro
14,5137,1,con
14,5142,1,con
14,5143,1,con
14,5144,1,con
14,5141,1,con
14,5135,1,con
14,5140,1,con
14,5136,1,con
14,6819,0,
14,6811,0,
14,9502,0,
14,9940,0,
14,9527,0,
14,8547,0,
14,6840,0,
14,1790,0,
14,8570,0,
14,9503,0,
14,6832,0,
14,6824,0,
14,6841,0,
14,8567,0,
14,6822,0,
14,1795,0,
14,9515,0,
14,6825,0,
124,8702,1,pro
124,8703,1,pro
124,8695,1,pro
124,8696,1,pro
124,8733,1,pro
124,8701,1,pro
124,8698,1,pro
124,8694,1,pro
124,8732,1,pro
124,8687,1,pro
124,8693,1,pro
124,8685,1,pro
124,8688,1,pro
124,8694,1,con
124,8687,1,con
124,8686,1,con
124,8688,1,con
124,8713,1,con
124,8734,1,con
124,8718,1,con
124,8705,1,con
124,8738,1,con
124,8715,1,con
124,8712,1,con
124,8714,1,con
124,8736,1,con
124,8709,1,con
124,8711,1,con
124,8735,1,con
124,8733,1,con
124,8737,1,con
124,8708,1,con
124,8702,1,con
124,8818,0,
124,3317,0,
124,8859,0,
124,8820,0,
124,8873,0,
124,3322,0,
124,1359,0,
124,8876,0,
124,8870,0,
124,8840,0,
124,8836,0,
124,1374,0,
124,8862,0,
124,3320,0,
124,6406,0,
124,1367,0,
124,8807,0,
124,8866,0,
124,8956,0,
124,6405,0,
124,8808,0,
124,8922,0,
124,1382,0,
124,8803,0,
124,1395,0,
124,8815,0,
124,8971,0,
124,8819,0,
124,3326,0,
124,8974,0,
124,8863,0,
124,6416,0,
124,8926,0,
51,9382,1,pro
51,9373,1,pro
51,9387,1,pro
51,9401,1,pro
51,9392,1,pro
51,9391,1,pro
51,9394,1,pro
51,9388,1,pro
51,9389,1,pro
51,9384,1,pro
51,9381,1,pro
51,9380,1,pro
51,9393,1,pro
51,9398,1,pro
51,9379,1,pro
51,9385,1,pro
51,9402,1,pro
51,9386,1,pro
51,9397,1,pro
51,9399,1,pro
51,9395,1,pro
51,9396,1,pro
51,9390,1,pro
51,9415,1,con
51,9403,1,con
51,9412,1,con
51,9409,1,con
51,9404,1,con
51,9411,1,con
51,9416,1,con
51,9417,1,con
51,9405,1,con
51,9406,1,con
51,9407,1,con
51,9413,1,con
51,9408,1,con
51,9414,1,con
51,9410,1,con
51,11027,0,
51,4091,0,
51,6401,0,
51,6405,0,
51,6407,0,
51,11064,0,
51,11055,0,
51,11075,0,
51,9938,0,
51,9954,0,
51,9931,0,
51,9958,0,
51,4088,0,
51,6408,0,
51,11036,0,
51,11044,0,
51,11028,0,
51,11051,0,
51,4086,0,
51,6389,0,
51,9959,0,
51,6393,0,
51,4097,0,
51,4103,0,
51,11030,0,
51,6406,0,
51,11026,0,
51,6411,0,
51,9955,0,
51,4094,0,
51,9939,0,
51,11017,0,
51,9949,0,
51,11047,0,
51,6409,0,
51,4099,0,
51,9956,0,
51,4101,0,
150,9212,1,pro
150,9260,1,pro
150,9277,1,pro
150,9269,1,pro
150,9283,1,pro
150,9203,1,pro
150,9199,1,pro
150,9263,1,pro
150,9201,1,pro
150,9204,1,pro
150,9261,1,pro
150,9208,1,pro
150,9265,1,pro
150,9218,1,pro
150,9189,1,pro
150,9268,1,pro
150,9213,1,pro
150,9262,1,pro
150,9217,1,pro
150,9211,1,pro
150,9205,1,pro
150,9206,1,pro
150,9267,1,pro
150,9202,1,pro
150,9281,1,con
150,9230,1,con
150,9278,1,con
150,9215,1,con
150,9233,1,con
150,9280,1,con
150,9229,1,con
150,9228,1,con
150,9227,1,con
150,9234,1,con
150,9226,1,con
150,9279,1,con
150,9282,1,con
150,4304,0,
150,6358,0,
150,6369,0,
150,9373,0,
150,11280,0,
150,9412,0,
150,11170,0,
150,11209,0,
150,8540,0,
150,4334,0,
150,11195,0,
150,6365,0,
150,11202,0,
150,8460,0,
150,8457,0,
150,11286,0,
150,11288,0,
150,4303,0,
150,4309,0,
150,11162,0,
150,9395,0,
150,8506,0,
150,8440,0,
150,8533,0,
150,8500,0,
150,9399,0,
150,4294,0,
150,4305,0,
150,6368,0,
150,8527,0,
150,8443,0,
150,9393,0,
150,4306,0,
150,4311,0,
150,11147,0,
150,6375,0,
150,6382,0,
116,6358,1,pro
116,6363,1,pro
116,6365,1,pro
116,6368,1,pro
116,6359,1,pro
116,6369,1,pro
116,6360,1,pro
116,6367,1,pro
116,6371,1,pro
116,6382,1,pro
116,6361,1,pro
116,6373,1,pro
116,6366,1,pro
116,6362,1,pro
116,6364,1,pro
116,6380,1,con
116,6377,1,con
116,6368,1,con
116,6384,1,con
116,6376,1,con
116,6381,1,con
116,6383,1,con
116,6378,1,con
116,6379,1,con
116,6375,1,con
116,11300,0,
116,3305,0,
116,3321,0,
116,6776,0,
116,11732,0,
116,11314,0,
116,6786,0,
116,6787,0,
116,6795,0,
116,3334,0,
116,11300,0,
116,3320,0,
116,11298,0,
116,3326,0,
116,3304,0,
116,6768,0,
116,11728,0,
116,11303,0,
116,6796,0,
116,11301,0,
116,3325,0,
116,11316,0,
116,6784,0,
116,3306,0,
116,6779,0,
10,4688,1,pro
10,4681,1,pro
10,4673,1,pro
10,4674,1,pro
10,4670,1,pro
10,4679,1,pro
10,4678,1,pro
10,4672,1,pro
10,4697,1,pro
10,4671,1,pro
10,4676,1,pro
10,4677,1,pro
10,4700,1,pro
10,4683,1,con
10,4688,1,con
10,4690,1,con
10,4693,1,con
10,4684,1,con
10,4694,1,con
10,4685,1,con
10,4692,1,con
10,4695,1,con
10,4696,1,con
10,4686,1,con
10,4691,1,con
10,4682,1,con
10,4687,1,con
10,4689,1,con
10,10560,0,
10,10035,0,
10,10038,0,
10,10641,0,
10,11042,0,
10,10642,0,
10,8627,0,
10,11046,0,
10,11045,0,
10,8615,0,
10,8596,0,
10,11039,0,
10,11064,0,
10,8595,0,
10,9984,0,
10,9969,0,
10,10640,0,
10,10630,0,
10,11028,0,
10,10556,0,
10,9972,0,
10,8583,0,
10,11050,0,
10,10007,0,
10,11044,0,
10,10573,0,
10,11023,0,
10,8614,0,
35,4098,1,pro
35,4088,1,pro
35,4099,1,pro
35,4094,1,pro
35,4091,1,pro
35,4093,1,pro
35,4087,1,pro
35,4090,1,pro
35,4086,1,pro
35,4089,1,pro
35,4092,1,pro
35,4097,1,pro
35,4103,1,con
35,4105,1,con
35,4108,1,con
35,4100,1,con
35,4101,1,con
35,4107,1,con
35,4079,1,con
35,4106,1,con
35,4102,1,con
35,4104,1,con
35,11450,0,
35,11501,0,
35,11551,0,
35,11499,0,
35,11540,0,
35,11475,0,
35,8749,0,
35,11503,0,
35,11549,0,
35,6371,0,
35,11543,0,
35,6358,0,
35,11511,0,
35,11548,0,
35,11431,0,
35,6383,0,
35,11456,0,
35,9391,0,
35,8766,0,
35,11464,0,
35,6382,0,
35,11594,0,
119,7217,1,pro
119,7221,1,pro
119,7193,1,pro
119,7195,1,pro
119,7175,1,pro
119,7174,1,pro
119,7173,1,pro
119,7196,1,pro
119,7219,1,pro
119,7194,1,pro
119,7216,1,con
119,7178,1,con
119,7179,1,con
119,7220,1,con
119,7199,1,con
119,7189,1,con
119,7190,1,con
119,7197,1,con
119,7177,1,con
119,7200,1,con
119,7201,1,con
119,7168,1,con
119,7191,1,con
119,7181,1,con
119,7196,1,con
119,7219,1,con
119,9567,0,
119,6825,0,
119,9655,0,
119,9547,0,
119,7975,0,
119,6834,0,
119,7951,0,
119,9578,0,
119,7952,0,
119,9569,0,
119,7957,0,
119,6635,0,
119,9628,0,
119,9568,0,
119,6826,0,
119,7971,0,
119,4100,0,
119,6620,0,
119,6820,0,
119,6840,0,
119,4098,0,
119,6817,0,
119,7953,0,
119,6816,0,
119,4097,0,
119,9558,0,
89,11339,1,pro
89,11344,1,pro
89,11337,1,pro
89,11341,1,pro
89,11342,1,pro
89,11335,1,pro
89,11336,1,pro
89,11338,1,pro
89,11343,1,pro
89,11357,1,con
89,11362,1,con
89,11360,1,con
89,11347,1,con
89,11356,1,con
89,11358,1,con
89,11355,1,con
89,11359,1,con
89,11349,1,con
89,11346,1,con
89,11348,1,con
89,11354,1,con
89,11345,1,con
89,11363,1,con
89,11364,1,con
89,11353,1,con
89,9535,0,
89,9647,0,
89,9640,0,
89,9552,0,
89,8801,0,
89,9563,0,
89,9595,0,
89,9567,0,
89,9543,0,
89,9644,0,
89,9591,0,
89,8747,0,
89,8767,0,
89,8748,0,
89,9546,0,
89,9547,0,
89,9633,0,
89,9653,0,
89,9549,0,
89,1287,0,
89,9661,0,
89,9566,0,
89,9582,0,
89,8768,0,
89,9533,0,
147,8398,1,pro
147,8407,1,pro
147,8429,1,pro
147,8400,1,pro
147,8401,1,pro
147,8391,1,pro
147,8403,1,pro
147,8394,1,pro
147,8396,1,pro
147,8399,1,pro
147,8402,1,pro
147,8405,1,pro
147,8392,1,pro
147,8395,1,pro
147,8393,1,pro
147,8397,1,pro
147,8404,1,pro
147,8428,1,con
147,8391,1,con
147,8390,1,con
147,8409,1,con
147,8427,1,con
147,8408,1,con
147,8426,1,con
147,8411,1,con
147,8423,1,con
147,8410,1,con
147,8415,1,con
147,8417,1,con
147,8420,1,con
147,8419,1,con
147,8425,1,con
147,8414,1,con
147,8416,1,con
147,8421,1,con
147,8412,1,con
147,8413,1,con
147,2858,0,
147,913,0,
147,4329,0,
147,4314,0,
147,9201,0,
147,2963,0,
147,9233,0,
147,2887,0,
147,6384,0,
147,4333,0,
147,4292,0,
147,2954,0,
147,4324,0,
147,917,0,
147,6381,0,
147,932,0,
147,2829,0,
147,6375,0,
147,961,0,
147,2878,0,
147,2956,0,
147,9213,0,
147,2827,0,
147,2938,0,
147,2835,0,
147,927,0,
147,2872,0,
147,6367,0,
147,915,0,
147,6376,0,
147,2840,0,
147,4296,0,
147,4300,0,
147,2842,0,
147,4313,0,
147,2819,0,
147,9211,0,
